fieldID,filter,0
199,g,76
199,r,73
200,g,69
200,r,82
201,g,68
201,r,67
202,g,73
202,i,1
202,r,62
203,g,57
203,r,65
204,g,58
204,r,63
205,g,67
205,i,1
205,r,59
206,g,64
206,r,60
207,g,57
207,r,49
208,g,51
208,r,58
209,g,54
209,r,52
210,g,57
210,r,55
211,g,64
211,r,53
212,g,50
212,r,53
213,g,54
213,r,58
214,g,57
214,i,6
214,r,49
215,g,55
215,i,2
215,r,41
216,g,47
216,r,49
217,g,42
217,r,53
218,g,49
218,r,46
219,g,42
219,r,49
220,g,41
220,r,49
221,g,42
221,r,46
222,g,48
222,r,41
223,g,52
223,r,50
224,g,53
224,r,51
225,g,58
225,r,55
226,g,52
226,r,48
227,g,48
227,r,58
228,g,54
228,r,51
229,g,54
229,r,47
230,g,53
230,r,57
231,g,65
231,r,63
232,g,55
232,r,60
233,g,57
233,r,63
234,g,68
234,r,62
235,g,67
235,r,66
236,g,67
236,r,49
237,g,60
237,r,55
238,g,61
238,r,55
239,g,57
239,i,1
239,r,67
240,g,67
240,r,67
241,g,66
241,r,63
242,g,64
242,r,65
243,g,60
243,r,64
244,g,65
244,r,64
245,g,149
245,i,10
245,r,145
246,g,152
246,i,13
246,r,159
247,g,143
247,i,13
247,r,143
248,g,143
248,i,12
248,r,134
249,g,131
249,i,10
249,r,126
250,g,129
250,i,5
250,r,125
251,g,127
251,r,117
252,g,120
252,r,113
253,g,120
253,r,111
254,g,106
254,r,101
255,g,103
255,r,106
256,g,103
256,r,101
257,g,110
257,r,667
258,g,106
258,r,549
259,g,88
259,r,576
260,g,110
260,i,8
260,r,454
261,g,116
261,i,3
261,r,433
262,g,93
262,r,437
263,g,98
263,r,94
264,g,102
264,r,102
265,g,102
265,r,96
266,g,102
266,i,1
266,r,94
267,g,107
267,r,88
268,g,104
268,r,94
269,g,105
269,r,91
270,g,97
270,r,99
271,g,96
271,r,101
272,g,101
272,r,95
273,g,101
273,r,108
274,g,101
274,r,103
275,g,105
275,r,115
276,g,109
276,r,120
277,g,120
277,r,112
278,g,102
278,r,109
279,g,108
279,r,279
280,g,106
280,r,284
281,g,130
281,i,191
281,r,298
282,g,106
282,i,186
282,r,277
283,g,123
283,r,265
284,g,112
284,r,259
285,g,129
285,r,113
286,g,135
286,r,119
287,g,136
287,i,1
287,r,140
288,g,120
288,i,2
288,r,129
289,g,134
289,r,137
290,g,143
290,r,130
291,g,126
291,i,1
291,r,127
292,g,123
292,i,26
292,r,136
293,g,124
293,i,24
293,r,128
294,g,184
294,i,55
294,r,205
295,g,179
295,i,65
295,r,183
296,g,169
296,i,62
296,r,179
297,g,176
297,i,66
297,r,174
298,g,182
298,i,52
298,r,179
299,g,183
299,i,50
299,r,192
300,g,194
300,i,49
300,r,190
301,g,190
301,i,37
301,r,192
302,g,183
302,i,38
302,r,188
303,g,190
303,i,38
303,r,193
304,g,183
304,i,38
304,r,194
305,g,195
305,i,34
305,r,204
306,g,189
306,r,197
307,g,134
307,r,146
308,g,120
308,r,502
309,g,165
309,i,28
309,r,517
310,g,166
310,i,19
310,r,678
311,g,134
311,i,31
311,r,416
312,g,145
312,i,30
312,r,145
313,g,138
313,i,32
313,r,145
314,g,138
314,i,29
314,r,143
315,g,133
315,i,32
315,r,137
316,g,131
316,i,30
316,r,137
317,g,144
317,i,29
317,r,133
318,g,129
318,i,34
318,r,142
319,g,138
319,i,38
319,r,149
320,g,139
320,i,38
320,r,144
321,g,131
321,i,41
321,r,154
322,g,131
322,i,41
322,r,162
323,g,137
323,i,41
323,r,180
324,g,146
324,i,56
324,r,174
325,g,150
325,r,212
326,g,142
326,i,49
326,r,175
327,g,145
327,r,190
328,g,157
328,r,207
329,g,164
329,r,198
330,g,158
330,r,345
331,g,157
331,r,342
332,g,179
332,i,173
332,r,372
333,g,200
333,i,182
333,r,382
334,g,176
334,r,363
335,g,188
335,r,372
336,g,182
336,i,3
336,r,213
337,g,189
337,i,51
337,r,210
338,g,183
338,i,54
338,r,237
339,g,194
339,i,48
339,r,236
340,g,182
340,i,69
340,r,193
341,g,172
341,i,66
341,r,220
342,g,174
342,i,70
342,r,200
343,g,163
343,i,50
343,r,205
344,g,157
344,i,50
344,r,195
345,g,189
345,i,58
345,r,226
346,g,186
346,i,54
346,r,233
347,g,187
347,i,51
347,r,231
348,g,195
348,i,53
348,r,215
349,g,334
349,i,54
349,r,367
350,g,320
350,i,58
350,r,310
351,g,211
351,i,42
351,r,211
352,g,221
352,i,41
352,r,209
353,g,224
353,i,40
353,r,228
354,g,229
354,i,39
354,r,233
355,g,232
355,i,39
355,r,218
356,g,178
356,r,174
357,g,163
357,r,182
358,g,158
358,r,170
359,g,199
359,i,31
359,r,199
360,g,202
360,i,29
360,r,526
361,g,159
361,r,164
362,g,156
362,i,38
362,r,163
363,g,152
363,i,37
363,r,170
364,g,162
364,i,38
364,r,165
365,g,156
365,i,37
365,r,172
366,g,160
366,i,35
366,r,167
367,g,163
367,i,36
367,r,416
368,g,155
368,i,37
368,r,190
369,g,147
369,i,43
369,r,181
370,g,145
370,i,42
370,r,198
371,g,154
371,i,43
371,r,216
372,g,153
372,i,47
372,r,204
373,g,162
373,i,49
373,r,206
374,g,174
374,i,68
374,r,245
375,g,162
375,i,65
375,r,263
376,g,170
376,r,249
377,g,180
377,i,72
377,r,225
378,g,184
378,r,239
379,g,193
379,r,269
380,g,185
380,r,292
381,g,198
381,r,422
382,g,199
382,r,465
383,g,267
383,i,159
383,r,500
384,g,258
384,i,163
384,r,538
385,g,212
385,r,473
386,g,220
386,i,3
386,r,468
387,g,222
387,r,271
388,g,223
388,i,62
388,r,309
389,g,212
389,r,294
390,g,211
390,i,92
390,r,251
391,g,200
391,i,82
391,r,281
392,g,195
392,i,72
392,r,255
393,g,195
393,i,80
393,r,261
394,g,197
394,i,88
394,r,244
395,g,200
395,i,59
395,r,241
396,g,218
396,i,94
396,r,276
397,g,199
397,i,60
397,r,298
398,g,209
398,i,61
398,r,286
399,g,220
399,i,75
399,r,303
400,g,238
400,i,75
400,r,281
401,g,233
401,i,73
401,r,256
402,g,226
402,i,49
402,r,227
403,g,222
403,i,59
403,r,228
404,g,215
404,i,3
404,r,203
405,g,241
405,i,42
405,r,253
406,g,326
406,i,45
406,r,317
407,g,206
407,i,1
407,r,210
408,g,194
408,i,3
408,r,215
409,g,194
409,i,1
409,r,203
410,g,234
410,i,41
410,r,239
411,g,233
411,i,32
411,r,782
412,g,192
412,i,36
412,r,724
413,g,233
413,i,38
413,r,618
414,g,242
414,i,41
414,r,280
415,g,197
415,i,40
415,r,216
416,g,198
416,i,43
416,r,422
417,g,208
417,i,41
417,r,278
418,g,197
418,i,39
418,r,229
419,g,185
419,i,44
419,r,210
420,g,166
420,i,45
420,r,230
421,g,163
421,i,44
421,r,257
422,g,161
422,i,51
422,r,257
423,g,167
423,i,53
423,r,249
424,g,183
424,i,76
424,r,256
425,g,200
425,i,79
425,r,249
426,g,193
426,i,79
426,r,289
427,g,209
427,i,79
427,r,300
428,g,207
428,i,2
428,r,316
429,g,204
429,r,279
430,g,220
430,r,326
431,g,219
431,i,1
431,r,362
432,g,238
432,i,1
432,r,359
433,g,251
433,i,1
433,r,544
434,g,250
434,r,565
435,g,340
435,i,185
435,r,644
436,g,337
436,i,188
436,r,888
437,g,254
437,i,3
437,r,798
438,g,249
438,i,2
438,r,591
439,g,255
439,i,70
439,r,359
440,g,238
440,i,113
440,r,327
441,g,233
441,i,110
441,r,293
442,g,234
442,i,111
442,r,320
443,g,223
443,i,88
443,r,321
444,g,217
444,i,92
444,r,294
445,g,227
445,i,93
445,r,274
446,g,217
446,i,90
446,r,282
447,g,239
447,i,92
447,r,336
448,g,234
448,i,85
448,r,324
449,g,239
449,i,85
449,r,346
450,g,246
450,i,83
450,r,437
451,g,250
451,i,64
451,r,414
452,g,241
452,i,63
452,r,268
453,g,229
453,i,6
453,r,251
454,g,237
454,i,3
454,r,249
455,g,235
455,r,247
456,g,231
456,r,238
457,g,230
457,i,44
457,r,230
458,g,213
458,i,2
458,r,216
459,g,210
459,i,2
459,r,224
460,g,250
460,i,45
460,r,261
461,g,241
461,i,36
461,r,251
462,g,204
462,r,509
463,g,195
463,i,37
463,r,490
464,g,236
464,i,41
464,r,713
465,g,229
465,i,46
465,r,311
466,g,206
466,i,43
466,r,610
467,g,199
467,i,45
467,r,457
468,g,201
468,i,46
468,r,282
469,g,199
469,i,41
469,r,260
470,g,199
470,i,49
470,r,283
471,g,187
471,i,50
471,r,259
472,g,187
472,i,52
472,r,267
473,g,296
473,i,52
473,r,390
474,g,194
474,i,85
474,r,317
475,g,208
475,i,79
475,r,306
476,g,224
476,i,85
476,r,291
477,g,237
477,i,93
477,r,318
478,g,225
478,i,99
478,r,375
479,g,287
479,i,107
479,r,480
480,g,285
480,i,102
480,r,440
481,g,302
481,i,139
481,r,508
482,g,260
482,i,142
482,r,418
483,g,263
483,i,1
483,r,473
484,g,281
484,i,1
484,r,462
485,g,287
485,i,1
485,r,585
486,g,289
486,i,1
486,r,606
487,g,419
487,i,160
487,r,764
488,g,426
488,i,156
488,r,942
489,g,268
489,i,1
489,r,765
490,g,272
490,i,1
490,r,604
491,g,276
491,i,111
491,r,388
492,g,274
492,i,121
492,r,381
493,g,270
493,i,118
493,r,417
494,g,276
494,i,114
494,r,367
495,g,263
495,i,107
495,r,329
496,g,254
496,i,99
496,r,306
497,g,261
497,i,98
497,r,316
498,g,240
498,i,91
498,r,307
499,g,273
499,i,104
499,r,390
500,g,288
500,i,104
500,r,385
501,g,269
501,i,84
501,r,375
502,g,268
502,i,81
502,r,469
503,g,272
503,i,73
503,r,452
504,g,237
504,i,74
504,r,441
505,g,250
505,i,19
505,r,419
506,g,282
506,i,14
506,r,298
507,g,256
507,i,10
507,r,308
508,g,252
508,i,5
508,r,295
509,g,246
509,i,7
509,r,290
510,g,239
510,i,7
510,r,278
511,g,227
511,i,8
511,r,278
512,g,268
512,i,43
512,r,529
513,g,265
513,i,41
513,r,641
514,g,209
514,i,46
514,r,378
515,g,212
515,i,41
515,r,688
516,g,259
516,i,41
516,r,910
517,g,242
517,i,49
517,r,593
518,g,209
518,i,54
518,r,616
519,g,209
519,i,51
519,r,483
520,g,216
520,i,49
520,r,324
521,g,225
521,i,54
521,r,297
522,g,215
522,i,55
522,r,321
523,g,260
523,i,153
523,r,362
524,g,289
524,i,157
524,r,357
525,g,393
525,i,90
525,r,490
526,g,249
526,i,132
526,r,442
527,g,242
527,i,111
527,r,418
528,g,342
528,i,122
528,r,430
529,g,316
529,i,134
529,r,463
530,g,317
530,i,142
530,r,490
531,g,314
531,i,150
531,r,491
532,g,316
532,i,160
532,r,532
533,g,364
533,i,165
533,r,545
534,g,490
534,i,166
534,r,674
535,g,308
535,i,153
535,r,501
536,g,320
536,i,12
536,r,498
537,g,305
537,i,8
537,r,628
538,g,288
538,i,9
538,r,875
539,g,475
539,i,171
539,r,1001
540,g,478
540,i,168
540,r,1043
541,g,304
541,i,11
541,r,866
542,g,298
542,i,12
542,r,604
543,g,305
543,i,158
543,r,431
544,g,513
544,i,127
544,r,666
545,g,517
545,i,121
545,r,688
546,g,506
546,i,119
546,r,767
547,g,312
547,i,133
547,r,396
548,g,321
548,i,128
548,r,387
549,g,298
549,i,125
549,r,361
550,g,369
550,i,141
550,r,523
551,g,327
551,i,114
551,r,462
552,g,329
552,i,110
552,r,459
553,g,319
553,i,90
553,r,509
554,g,306
554,i,85
554,r,505
555,g,269
555,i,29
555,r,457
556,g,278
556,i,30
556,r,502
557,g,288
557,i,21
557,r,761
558,g,263
558,i,13
558,r,770
559,g,262
559,i,6
559,r,402
560,g,265
560,i,9
560,r,384
561,g,251
561,i,2
561,r,369
562,g,277
562,i,45
562,r,399
563,g,287
563,i,44
563,r,399
564,g,217
564,i,50
564,r,892
565,g,222
565,i,44
565,r,853
566,g,270
566,i,39
566,r,672
567,g,252
567,i,50
567,r,945
568,g,238
568,i,53
568,r,645
569,g,219
569,i,54
569,r,686
570,g,240
570,i,56
570,r,558
571,g,254
571,i,53
571,r,383
572,g,241
572,i,61
572,r,326
573,g,242
573,i,64
573,r,331
574,g,306
574,i,174
574,r,443
575,g,325
575,i,172
575,r,414
576,g,375
576,i,213
576,r,559
577,g,327
577,i,117
577,r,515
578,g,345
578,i,129
578,r,553
579,g,357
579,i,136
579,r,512
580,g,339
580,i,150
580,r,510
581,g,347
581,i,159
581,r,517
582,g,349
582,i,176
582,r,531
583,g,370
583,i,180
583,r,552
584,g,457
584,i,185
584,r,670
585,g,577
585,i,173
585,r,705
586,g,374
586,i,211
586,r,510
587,g,803
587,i,126
587,r,903
588,g,343
588,i,15
588,r,681
589,g,332
589,i,10
589,r,668
590,g,521
590,i,161
590,r,695
591,g,514
591,i,160
591,r,940
592,g,344
592,i,19
592,r,962
593,g,383
593,i,165
593,r,769
594,g,344
594,i,165
594,r,440
595,g,326
595,i,36
595,r,469
596,g,655
596,i,222
596,r,817
597,g,661
597,i,230
597,r,840
598,g,337
598,i,39
598,r,457
599,g,433
599,i,205
599,r,612
600,g,507
600,i,124
600,r,703
601,g,518
601,i,125
601,r,729
602,g,352
602,i,118
602,r,517
603,g,347
603,i,34
603,r,507
604,g,327
604,i,85
604,r,458
605,g,291
605,i,27
605,r,553
606,g,328
606,i,28
606,r,609
607,g,295
607,i,25
607,r,650
608,g,290
608,i,12
608,r,790
609,g,280
609,i,10
609,r,468
610,g,280
610,i,7
610,r,436
611,g,302
611,i,47
611,r,507
612,g,289
612,i,49
612,r,515
613,g,226
613,i,10
613,r,965
614,g,231
614,i,50
614,r,928
615,g,285
615,i,44
615,r,1149
616,g,268
616,i,46
616,r,1240
617,g,267
617,i,52
617,r,476
618,g,252
618,i,55
618,r,530
619,g,260
619,i,58
619,r,661
620,g,270
620,i,55
620,r,433
621,g,256
621,i,66
621,r,433
622,g,259
622,i,89
622,r,453
623,g,371
623,i,188
623,r,566
624,g,555
624,i,222
624,r,717
625,g,424
625,i,229
625,r,652
626,g,435
626,i,231
626,r,658
627,g,434
627,i,232
627,r,631
628,g,362
628,i,157
628,r,512
629,g,374
629,i,165
629,r,526
630,g,370
630,i,177
630,r,493
631,g,453
631,i,256
631,r,569
632,g,429
632,i,193
632,r,549
633,g,989
633,i,192
633,r,1075
634,g,1170
634,i,229
634,r,1208
635,g,1233
635,i,238
635,r,1258
636,g,353
636,i,14
636,r,380
637,g,352
637,i,12
637,r,591
638,g,338
638,i,20
638,r,900
639,g,549
639,i,171
639,r,840
640,g,545
640,i,161
640,r,937
641,g,391
641,i,27
641,r,975
642,g,371
642,i,32
642,r,700
643,g,852
643,i,259
643,r,951
644,g,588
644,i,138
644,r,693
645,g,672
645,i,240
645,r,874
646,g,660
646,i,231
646,r,852
647,g,538
647,i,137
647,r,755
648,g,353
648,i,120
648,r,544
649,g,358
649,i,116
649,r,640
650,g,370
650,i,122
650,r,588
651,g,559
651,i,120
651,r,809
652,g,319
652,i,87
652,r,531
653,g,325
653,i,90
653,r,544
654,g,319
654,i,25
654,r,550
655,g,321
655,i,28
655,r,916
656,g,310
656,i,15
656,r,705
657,g,288
657,i,7
657,r,529
658,g,345
658,i,50
658,r,546
659,g,307
659,i,50
659,r,561
660,g,237
660,i,5
660,r,1009
661,g,237
661,i,6
661,r,999
662,g,288
662,i,52
662,r,1058
663,g,278
663,i,51
663,r,1269
664,g,259
664,i,54
664,r,500
665,g,252
665,i,49
665,r,581
666,g,268
666,i,76
666,r,683
667,g,297
667,i,77
667,r,536
668,g,324
668,i,89
668,r,521
669,g,314
669,i,94
669,r,547
670,g,403
670,i,214
670,r,627
671,g,611
671,i,230
671,r,811
672,g,438
672,i,235
672,r,683
673,g,468
673,i,240
673,r,693
674,g,465
674,i,254
674,r,587
675,g,460
675,i,262
675,r,575
676,g,708
676,i,178
676,r,854
677,g,787
677,i,215
677,r,905
678,g,999
678,i,384
678,r,1042
679,g,1202
679,i,405
679,r,1195
680,g,1280
680,i,241
680,r,1257
681,g,1352
681,i,256
681,r,1325
682,g,1095
682,i,246
682,r,1046
683,g,996
683,i,140
683,r,945
684,g,952
684,i,132
684,r,909
685,g,388
685,i,13
685,r,843
686,g,595
686,i,163
686,r,864
687,g,594
687,i,157
687,r,718
688,g,386
688,i,9
688,r,1063
689,g,376
689,i,20
689,r,953
690,g,392
690,i,37
690,r,495
691,g,733
691,i,134
691,r,868
692,g,699
692,i,142
692,r,941
693,g,384
693,i,136
693,r,573
694,g,393
694,i,124
694,r,585
695,g,731
695,i,127
695,r,951
696,g,388
696,i,123
696,r,636
697,g,347
697,i,121
697,r,587
698,g,337
698,i,93
698,r,561
699,g,340
699,i,23
699,r,561
700,g,346
700,i,24
700,r,779
701,g,338
701,i,19
701,r,743
702,g,376
702,i,51
702,r,621
703,g,369
703,i,51
703,r,619
704,g,262
704,i,6
704,r,704
705,g,267
705,i,7
705,r,504
706,g,309
706,i,57
706,r,1077
707,g,318
707,i,61
707,r,1255
708,g,341
708,i,61
708,r,643
709,g,339
709,i,56
709,r,632
710,g,347
710,i,65
710,r,555
711,g,358
711,i,85
711,r,548
712,g,343
712,i,92
712,r,594
713,g,338
713,i,94
713,r,558
714,g,424
714,i,234
714,r,629
715,g,457
715,i,235
715,r,641
716,g,655
716,i,238
716,r,837
717,g,742
717,i,258
717,r,871
718,g,766
718,i,270
718,r,881
719,g,863
719,i,257
719,r,904
720,g,930
720,i,264
720,r,968
721,g,1140
721,i,407
721,r,1160
722,g,1362
722,i,420
722,r,1345
723,g,1429
723,i,256
723,r,1381
724,g,1657
724,i,453
724,r,1615
725,g,1116
725,i,163
725,r,1082
726,g,1080
726,i,154
726,r,997
727,g,404
727,i,13
727,r,640
728,g,411
728,i,13
728,r,889
729,g,611
729,i,166
729,r,880
730,g,581
730,i,185
730,r,664
731,g,397
731,i,41
731,r,834
732,g,402
732,i,29
732,r,691
733,g,380
733,i,32
733,r,730
734,g,370
734,i,29
734,r,555
735,g,400
735,i,41
735,r,623
736,g,773
736,i,138
736,r,918
737,g,405
737,i,118
737,r,588
738,g,389
738,i,119
738,r,587
739,g,349
739,i,32
739,r,578
740,g,355
740,i,34
740,r,557
741,g,424
741,i,52
741,r,767
742,g,393
742,i,56
742,r,734
743,g,384
743,i,52
743,r,594
744,g,304
744,i,10
744,r,519
745,g,279
745,i,8
745,r,484
746,g,320
746,i,8
746,r,516
747,g,320
747,i,64
747,r,585
748,g,367
748,i,67
748,r,630
749,g,353
749,i,68
749,r,598
750,g,354
750,i,80
750,r,758
751,g,371
751,i,88
751,r,752
752,g,340
752,i,111
752,r,716
753,g,341
753,i,124
753,r,492
754,g,434
754,i,240
754,r,594
755,g,463
755,i,243
755,r,557
756,g,737
756,i,254
756,r,863
757,g,797
757,i,273
757,r,806
758,g,884
758,i,280
758,r,901
759,g,1115
759,i,440
759,r,1132
760,g,943
760,i,207
760,r,1011
761,g,1398
761,i,432
761,r,1375
762,g,1674
762,i,446
762,r,1636
763,g,1407
763,i,458
763,r,1371
764,g,1168
764,i,168
764,r,1103
765,g,1080
765,i,157
765,r,1019
766,g,976
766,i,154
766,r,944
767,g,429
767,i,14
767,r,948
768,g,620
768,i,166
768,r,936
769,g,618
769,i,154
769,r,1161
770,g,497
770,i,52
770,r,863
771,g,405
771,i,28
771,r,1096
772,g,420
772,i,40
772,r,700
773,g,413
773,i,41
773,r,510
774,g,377
774,i,41
774,r,701
775,g,422
775,i,51
775,r,583
776,g,412
776,i,51
776,r,591
777,g,396
777,i,57
777,r,558
778,g,377
778,i,51
778,r,458
779,g,401
779,i,52
779,r,523
780,g,299
780,i,14
780,r,734
781,g,271
781,i,9
781,r,513
782,g,322
782,i,65
782,r,484
783,g,315
783,i,63
783,r,477
784,g,345
784,i,63
784,r,498
785,g,355
785,i,63
785,r,681
786,g,374
786,i,70
786,r,693
787,g,351
787,i,103
787,r,634
788,g,364
788,i,121
788,r,447
789,g,714
789,i,237
789,r,775
790,g,701
790,i,259
790,r,700
791,g,813
791,i,267
791,r,819
792,g,971
792,i,425
792,r,960
793,g,1098
793,i,433
793,r,1097
794,g,980
794,i,208
794,r,1064
795,g,1280
795,i,244
795,r,1278
796,g,1559
796,i,275
796,r,1545
797,g,1240
797,i,179
797,r,1209
798,g,1172
798,i,173
798,r,1104
799,g,500
799,i,10
799,r,672
800,g,440
800,i,13
800,r,638
801,g,564
801,i,41
801,r,594
802,g,544
802,i,51
802,r,577
803,g,521
803,i,52
803,r,902
804,g,537
804,i,53
804,r,781
805,g,521
805,i,54
805,r,778
806,g,469
806,i,51
806,r,1033
807,g,437
807,i,52
807,r,1059
808,g,413
808,i,52
808,r,545
809,g,394
809,i,56
809,r,541
810,g,328
810,i,11
810,r,406
811,g,299
811,i,9
811,r,371
812,g,281
812,i,6
812,r,333
813,g,263
813,i,2
813,r,275
814,g,309
814,i,73
814,r,547
815,g,340
815,i,3
815,r,399
816,g,358
816,i,69
816,r,438
817,g,353
817,i,97
817,r,403
818,g,331
818,i,115
818,r,364
819,g,653
819,i,211
819,r,660
820,g,708
820,i,223
820,r,688
821,g,817
821,i,288
821,r,804
822,g,951
822,i,403
822,r,972
823,g,1059
823,i,429
823,r,1106
824,g,1193
824,i,209
824,r,1194
825,g,1505
825,i,271
825,r,1489
826,g,1158
826,i,175
826,r,1107
827,g,1003
827,i,166
827,r,982
828,g,918
828,i,162
828,r,937
829,g,466
829,i,9
829,r,630
830,g,580
830,i,45
830,r,748
831,g,551
831,i,51
831,r,732
832,g,508
832,i,54
832,r,680
833,g,470
833,i,53
833,r,484
834,g,331
834,i,15
834,r,356
835,g,311
835,i,18
835,r,349
836,g,299
836,i,11
836,r,332
837,g,277
837,i,5
837,r,296
838,g,273
838,i,61
838,r,279
839,g,307
839,i,69
839,r,336
840,g,289
840,i,63
840,r,306
841,g,353
841,i,3
841,r,380
842,g,300
842,i,103
842,r,319
843,g,626
843,i,202
843,r,620
844,g,758
844,i,311
844,r,732
845,g,746
845,i,353
845,r,709
846,g,886
846,i,408
846,r,897
847,g,841
847,i,210
847,r,845
848,g,1055
848,i,213
848,r,1007
849,g,951
849,i,168
849,r,950
850,g,538
850,i,6
850,r,536
851,g,485
851,i,12
851,r,487
852,g,425
852,i,11
852,r,433
853,g,387
853,i,13
853,r,391
854,g,331
854,i,4
854,r,357
855,g,313
855,i,8
855,r,322
856,g,271
856,i,8
856,r,300
857,g,261
857,i,1
857,r,278
858,g,323
858,i,69
858,r,335
859,g,261
859,i,70
859,r,271
860,g,293
860,i,101
860,r,309
861,g,469
861,i,184
861,r,468
862,g,599
862,i,286
862,r,549
863,g,718
863,i,370
863,r,680
864,g,703
864,i,200
864,r,697
865,g,777
865,i,169
865,r,797
866,g,501
866,i,1
866,r,495
867,g,423
867,i,4
867,r,431
868,g,373
868,i,6
868,r,378
869,g,248
869,r,263
870,g,210
870,i,68
870,r,226
871,g,192
871,i,62
871,r,194
872,g,188
872,i,64
872,r,195
873,g,224
873,r,234
874,g,288
874,i,97
874,r,290
875,g,335
875,i,96
875,r,344
876,g,356
876,i,98
876,r,370
877,g,294
877,i,1
877,r,316
880,g,228
880,r,242
881,g,187
881,r,199
1240,g,26
1240,r,25
1241,g,26
1241,i,1
1241,r,27
1242,g,25
1242,r,26
1243,g,26
1243,r,27
1244,g,26
1244,r,26
1245,g,28
1245,r,29
1246,g,26
1246,r,25
1247,g,22
1247,r,18
1248,g,21
1248,r,16
1249,g,13
1249,r,11
1250,g,6
1250,r,6
1251,g,3
1251,r,6
1252,g,2
1252,r,4
1253,g,3
1253,r,4
1254,g,3
1254,r,1
1255,g,2
1255,r,2
1256,r,1
1257,r,1
1258,r,1
1259,g,1
1259,r,1
1260,r,1
1261,r,1
1262,r,1
1263,r,1
1264,r,1
1268,r,1
1269,r,1
1270,g,1
1270,r,1
1271,r,1
1276,r,1
1277,r,1
1278,r,3
1279,g,2
1279,r,2
1280,g,3
1280,r,5
1281,g,2
1281,r,10
1282,g,8
1282,r,11
1283,g,15
1283,r,14
1284,g,15
1284,r,15
1285,g,17
1285,r,17
1286,g,26
1286,r,21
1287,g,26
1287,r,28
1288,g,27
1288,i,1
1288,r,27
1289,g,27
1289,r,27
1290,g,27
1290,r,27
1291,g,26
1291,r,26
1292,g,26
1292,r,26
1293,g,27
1293,r,27
1294,g,26
1294,r,27
1295,g,26
1295,r,30
1296,g,28
1296,r,27
1297,g,28
1297,r,28
1298,g,28
1298,r,29
1299,g,19
1299,r,30
1300,g,12
1300,r,17
1301,g,7
1301,r,15
1302,g,4
1302,r,13
1303,g,5
1303,r,9
1304,g,3
1304,r,7
1305,g,2
1305,r,5
1306,g,1
1306,r,4
1307,g,1
1307,r,3
1308,r,4
1309,g,1
1309,r,3
1310,r,2
1311,r,4
1312,r,3
1313,g,1
1313,r,2
1314,r,2
1315,r,2
1316,g,1
1316,r,2
1317,g,1
1318,r,1
1320,r,1
1321,r,1
1323,g,1
1323,r,1
1324,r,2
1325,r,1
1327,g,3
1327,r,6
1328,g,1
1328,r,9
1329,g,3
1329,r,15
1330,g,9
1330,r,14
1331,g,17
1331,r,18
1332,g,19
1332,r,26
1333,g,21
1333,i,1
1333,r,27
1334,g,27
1334,i,1
1334,r,27
1335,g,26
1335,i,1
1335,r,26
1336,g,27
1336,r,28
1337,g,26
1337,r,27
1338,g,26
1338,i,1
1338,r,27
1339,g,28
1339,i,1
1339,r,27
1340,g,29
1340,i,1
1340,r,27
1341,g,31
1341,r,29
1342,g,28
1342,r,28
1343,g,29
1343,r,27
1344,g,27
1344,i,1
1344,r,27
1345,g,27
1345,r,28
1346,g,29
1346,r,29
1347,g,27
1347,r,29
1348,g,29
1348,r,29
1349,g,31
1349,r,28
1350,g,27
1350,r,30
1351,g,19
1351,r,28
1352,g,12
1352,r,29
1353,g,9
1353,r,28
1354,g,4
1354,r,20
1355,g,1
1355,r,9
1356,g,3
1356,r,13
1357,g,1
1357,r,10
1358,g,2
1358,r,9
1359,g,3
1359,r,7
1360,g,1
1360,r,6
1361,r,6
1362,r,4
1363,r,4
1364,g,1
1364,r,4
1365,g,3
1365,r,3
1366,g,1
1366,r,4
1367,g,2
1367,r,4
1368,g,1
1368,r,2
1369,g,1
1370,g,1
1370,r,1
1371,g,1
1371,r,1
1373,r,1
1374,g,1
1374,r,2
1375,r,2
1376,g,1
1376,r,2
1377,g,2
1377,r,7
1378,g,4
1378,r,11
1379,g,5
1379,r,16
1380,g,5
1380,r,25
1381,g,12
1381,r,10
1382,g,21
1382,r,25
1383,g,24
1383,r,19
1384,g,26
1384,r,26
1385,g,28
1385,i,1
1385,r,26
1386,g,27
1386,i,1
1386,r,26
1387,g,26
1387,i,1
1387,r,27
1388,g,26
1388,i,1
1388,r,26
1389,g,28
1389,i,3
1389,r,28
1390,g,30
1390,i,2
1390,r,29
1391,g,27
1391,i,3
1391,r,28
1392,g,28
1392,i,4
1392,r,27
1393,g,29
1393,i,2
1393,r,27
1394,g,27
1394,i,2
1394,r,29
1395,g,29
1395,i,2
1395,r,26
1396,g,29
1396,i,2
1396,r,31
1397,g,30
1397,i,1
1397,r,29
1398,g,30
1398,r,31
1399,g,29
1399,r,29
1400,g,30
1400,r,29
1401,g,30
1401,r,30
1402,g,29
1402,r,30
1403,g,29
1403,i,1
1403,r,32
1404,g,28
1404,r,30
1405,g,18
1405,r,29
1406,g,9
1406,r,30
1407,g,6
1407,r,29
1408,g,3
1408,r,22
1409,g,2
1409,r,23
1410,g,4
1410,r,15
1411,g,4
1411,r,12
1412,g,2
1412,r,10
1413,g,4
1413,r,8
1414,g,1
1414,r,5
1415,g,1
1415,r,5
1416,r,5
1417,g,2
1417,r,4
1418,g,5
1418,r,4
1419,g,3
1419,r,4
1420,g,4
1420,r,4
1421,g,2
1421,i,1
1421,r,3
1422,g,1
1422,r,1
1423,g,2
1423,r,2
1424,r,2
1425,g,1
1425,i,1
1425,r,2
1426,i,1
1426,r,2
1427,g,1
1427,r,4
1428,g,2
1428,r,7
1429,g,4
1429,r,14
1430,g,7
1430,r,21
1431,g,10
1431,r,27
1432,g,13
1432,r,27
1433,g,22
1433,r,4
1434,g,27
1434,r,28
1435,g,25
1435,i,2
1435,r,25
1436,g,26
1436,i,3
1436,r,27
1437,g,27
1437,i,2
1437,r,27
1438,g,28
1438,i,2
1438,r,27
1439,g,28
1439,i,2
1439,r,28
1440,g,28
1440,i,2
1440,r,27
1441,g,30
1441,i,5
1441,r,30
1442,g,30
1442,i,6
1442,r,30
1443,g,28
1443,i,6
1443,r,29
1444,g,29
1444,i,7
1444,r,30
1445,g,31
1445,i,5
1445,r,32
1446,g,29
1446,i,6
1446,r,32
1447,g,29
1447,i,6
1447,r,33
1448,g,31
1448,i,5
1448,r,34
1449,g,29
1449,i,2
1449,r,34
1450,g,31
1450,i,1
1450,r,33
1451,g,30
1451,i,3
1451,r,32
1452,g,30
1452,i,2
1452,r,32
1453,g,29
1453,i,3
1453,r,31
1454,g,30
1454,i,2
1454,r,32
1455,g,29
1455,r,30
1456,g,29
1456,r,32
1457,g,17
1457,r,33
1458,g,9
1458,i,1
1458,r,32
1459,g,8
1459,i,1
1459,r,11
1460,g,8
1460,i,1
1460,r,30
1461,g,4
1461,i,1
1461,r,13
1462,g,7
1462,i,1
1462,r,20
1463,g,6
1463,r,18
1464,g,5
1464,i,2
1464,r,15
1465,g,3
1465,i,1
1465,r,12
1466,g,6
1466,r,12
1467,g,7
1467,r,8
1468,g,3
1468,r,10
1469,g,4
1469,r,7
1470,g,4
1470,r,5
1471,g,4
1471,i,1
1471,r,6
1472,g,4
1472,i,2
1472,r,6
1473,g,4
1473,i,2
1473,r,6
1474,g,4
1474,i,1
1474,r,2
1475,g,5
1475,r,3
1476,g,2
1476,i,1
1476,r,3
1477,g,1
1477,i,1
1477,r,4
1478,g,3
1478,i,1
1478,r,5
1479,g,4
1479,i,1
1479,r,13
1480,g,12
1480,r,18
1481,g,13
1481,i,1
1481,r,28
1482,g,17
1482,r,27
1483,g,21
1483,r,27
1484,g,28
1484,i,1
1484,r,27
1485,g,27
1485,i,1
1485,r,5
1486,g,28
1486,r,8
1487,g,27
1487,r,27
1488,g,28
1488,i,5
1488,r,29
1489,g,26
1489,i,3
1489,r,29
1490,g,28
1490,i,2
1490,r,30
1491,g,28
1491,i,5
1491,r,28
1492,g,31
1492,i,4
1492,r,28
1493,g,39
1493,i,20
1493,r,39
1494,g,38
1494,i,15
1494,r,38
1495,g,34
1495,i,23
1495,r,41
1496,g,31
1496,i,30
1496,r,40
1497,g,34
1497,i,20
1497,r,41
1498,g,31
1498,i,14
1498,r,37
1499,g,31
1499,i,15
1499,r,35
1500,g,32
1500,i,10
1500,r,39
1501,g,35
1501,i,6
1501,r,41
1502,g,35
1502,i,3
1502,r,41
1503,g,36
1503,i,7
1503,r,42
1504,g,34
1504,i,9
1504,r,35
1505,g,32
1505,i,8
1505,r,35
1506,g,33
1506,i,2
1506,r,32
1507,g,32
1507,i,4
1507,r,33
1508,g,32
1508,i,5
1508,r,34
1509,g,31
1509,i,2
1509,r,33
1510,g,29
1510,i,5
1510,r,33
1511,g,19
1511,i,3
1511,r,33
1512,g,17
1512,i,3
1512,r,32
1513,g,9
1513,i,1
1513,r,35
1514,g,13
1514,i,1
1514,r,36
1515,g,13
1515,i,2
1515,r,32
1516,g,15
1516,i,3
1516,r,26
1517,g,16
1517,i,1
1517,r,18
1518,g,14
1518,i,1
1518,r,15
1519,g,13
1519,i,3
1519,r,18
1520,g,13
1520,i,2
1520,r,21
1521,g,12
1521,i,3
1521,r,16
1522,g,10
1522,i,5
1522,r,15
1523,g,12
1523,i,6
1523,r,13
1524,g,8
1524,i,9
1524,r,16
1525,g,7
1525,i,10
1525,r,16
1526,g,13
1526,i,9
1526,r,12
1527,g,11
1527,i,13
1527,r,8
1528,g,9
1528,i,8
1528,r,7
1529,g,10
1529,i,8
1529,r,14
1530,g,8
1530,i,10
1530,r,21
1531,g,15
1531,i,8
1531,r,10
1532,g,22
1532,i,3
1532,r,31
1533,g,30
1533,i,3
1533,r,28
1534,g,28
1534,i,2
1534,r,29
1535,g,29
1535,i,3
1535,r,30
1536,g,28
1536,i,6
1536,r,29
1537,g,31
1537,i,7
1537,r,6
1538,g,30
1538,i,10
1538,r,25
1539,g,31
1539,i,10
1539,r,31
1540,g,29
1540,i,13
1540,r,32
1541,g,29
1541,i,14
1541,r,33
1542,g,30
1542,i,19
1542,r,31
1543,g,31
1543,i,19
1543,r,34
1544,g,35
1544,i,26
1544,r,43
1545,g,54
1545,i,37
1545,r,47
1546,g,50
1546,i,38
1546,r,55
1547,g,47
1547,i,35
1547,r,56
1548,g,33
1548,i,36
1548,r,56
1549,g,44
1549,i,35
1549,r,55
1550,g,40
1550,i,26
1550,r,51
1551,g,43
1551,i,24
1551,r,55
1552,g,36
1552,i,20
1552,r,50
1553,g,41
1553,i,11
1553,r,53
1554,g,47
1554,i,7
1554,r,55
1555,g,38
1555,i,8
1555,r,48
1556,g,36
1556,i,7
1556,r,42
1557,g,34
1557,i,8
1557,r,40
1558,g,33
1558,i,9
1558,r,35
1559,g,33
1559,i,7
1559,r,35
1560,g,33
1560,i,6
1560,r,35
1561,g,31
1561,i,2
1561,r,34
1562,g,32
1562,i,3
1562,r,33
1563,g,28
1563,i,3
1563,r,34
1564,g,18
1564,i,3
1564,r,33
1565,g,16
1565,i,4
1565,r,34
1566,g,19
1566,i,1
1566,r,35
1567,g,22
1567,i,4
1567,r,38
1568,g,23
1568,i,5
1568,r,28
1569,g,19
1569,i,6
1569,r,23
1570,g,19
1570,i,2
1570,r,23
1571,g,16
1571,i,3
1571,r,27
1572,g,19
1572,i,6
1572,r,28
1573,g,17
1573,i,7
1573,r,28
1574,g,17
1574,i,14
1574,r,27
1575,g,12
1575,i,13
1575,r,26
1576,g,10
1576,i,12
1576,r,26
1577,g,17
1577,i,21
1577,r,28
1578,g,14
1578,i,17
1578,r,22
1579,g,14
1579,i,15
1579,r,21
1580,g,13
1580,i,19
1580,r,25
1581,g,13
1581,i,15
1581,r,30
1582,g,19
1582,i,16
1582,r,30
1583,g,29
1583,i,15
1583,r,31
1584,g,31
1584,i,11
1584,r,29
1585,g,29
1585,i,8
1585,r,32
1586,g,28
1586,i,9
1586,r,33
1587,g,30
1587,i,17
1587,r,30
1588,g,28
1588,i,17
1588,r,28
1589,g,31
1589,i,16
1589,r,26
1590,g,31
1590,i,24
1590,r,34
1591,g,28
1591,i,29
1591,r,38
1592,g,27
1592,i,22
1592,r,41
1593,g,30
1593,i,31
1593,r,46
1594,g,35
1594,i,35
1594,r,50
1595,g,50
1595,i,38
1595,r,55
1596,g,54
1596,i,41
1596,r,55
1597,g,56
1597,i,36
1597,r,60
1598,g,57
1598,i,39
1598,r,60
1599,g,45
1599,i,35
1599,r,58
1600,g,49
1600,i,35
1600,r,55
1601,g,46
1601,i,26
1601,r,56
1602,g,45
1602,i,23
1602,r,57
1603,g,41
1603,i,20
1603,r,55
1604,g,40
1604,i,12
1604,r,55
1605,g,49
1605,i,8
1605,r,51
1606,g,37
1606,i,7
1606,r,50
1607,g,33
1607,i,6
1607,r,47
1608,g,34
1608,i,7
1608,r,38
1609,g,34
1609,i,9
1609,r,37
1610,g,35
1610,i,8
1610,r,35
1611,g,31
1611,i,4
1611,r,34
1612,g,31
1612,i,3
1612,r,31
1613,g,30
1613,i,3
1613,r,30
1614,g,26
1614,i,4
1614,r,36
1615,g,19
1615,i,2
1615,r,34
1616,g,23
1616,i,4
1616,r,36
1617,g,24
1617,i,5
1617,r,36
1618,g,25
1618,i,6
1618,r,36
1619,g,27
1619,i,7
1619,r,28
1620,g,25
1620,i,6
1620,r,33
1621,g,17
1621,i,3
1621,r,27
1622,g,26
1622,i,7
1622,r,34
1623,g,17
1623,i,10
1623,r,35
1624,g,16
1624,i,13
1624,r,33
1625,g,13
1625,i,14
1625,r,32
1626,g,13
1626,i,17
1626,r,27
1627,g,17
1627,i,18
1627,r,27
1628,g,16
1628,i,18
1628,r,27
1629,g,13
1629,i,20
1629,r,29
1630,g,17
1630,i,20
1630,r,33
1631,g,19
1631,i,17
1631,r,31
1632,g,24
1632,i,23
1632,r,29
1633,g,29
1633,i,13
1633,r,31
1634,g,31
1634,i,12
1634,r,29
1635,g,28
1635,i,17
1635,r,31
1636,g,28
1636,i,11
1636,r,28
1637,g,29
1637,i,19
1637,r,27
1638,g,31
1638,i,20
1638,r,41
1639,g,32
1639,i,28
1639,r,37
1640,g,31
1640,i,37
1640,r,39
1641,g,32
1641,i,32
1641,r,54
1642,g,34
1642,i,32
1642,r,54
1643,g,44
1643,i,38
1643,r,56
1644,g,51
1644,i,35
1644,r,57
1645,g,53
1645,i,31
1645,r,58
1646,g,52
1646,i,32
1646,r,63
1647,g,55
1647,i,34
1647,r,60
1648,g,52
1648,i,27
1648,r,59
1649,g,52
1649,i,25
1649,r,57
1650,g,45
1650,i,21
1650,r,53
1651,g,42
1651,i,21
1651,r,54
1652,g,44
1652,i,18
1652,r,56
1653,g,41
1653,i,11
1653,r,55
1654,g,39
1654,i,9
1654,r,55
1655,g,36
1655,i,7
1655,r,50
1656,g,35
1656,i,9
1656,r,46
1657,g,35
1657,i,6
1657,r,38
1658,g,34
1658,i,9
1658,r,35
1659,g,33
1659,i,5
1659,r,34
1660,g,34
1660,i,3
1660,r,34
1661,g,33
1661,i,3
1661,r,42
1662,g,29
1662,i,1
1662,r,34
1663,g,27
1663,i,4
1663,r,38
1664,g,24
1664,i,3
1664,r,36
1665,g,25
1665,i,4
1665,r,37
1666,g,28
1666,i,7
1666,r,35
1667,g,32
1667,i,13
1667,r,35
1668,g,35
1668,i,9
1668,r,32
1669,g,35
1669,i,9
1669,r,30
1670,g,17
1670,i,14
1670,r,33
1671,g,18
1671,i,15
1671,r,27
1672,g,16
1672,i,10
1672,r,28
1673,g,14
1673,i,16
1673,r,35
1674,g,11
1674,i,17
1674,r,32
1675,g,15
1675,i,23
1675,r,31
1676,g,17
1676,i,22
1676,r,33
1677,g,20
1677,i,16
1677,r,35
1678,g,21
1678,i,18
1678,r,34
1679,g,30
1679,i,15
1679,r,31
1680,g,33
1680,i,13
1680,r,29
1681,g,32
1681,i,12
1681,r,28
1682,g,29
1682,i,18
1682,r,31
1683,g,27
1683,i,13
1683,r,30
1684,g,30
1684,i,13
1684,r,37
1685,g,34
1685,i,20
1685,r,39
1686,g,35
1686,i,25
1686,r,40
1687,g,39
1687,i,25
1687,r,49
1688,g,44
1688,i,30
1688,r,56
1689,g,42
1689,i,39
1689,r,56
1690,g,46
1690,i,38
1690,r,57
1691,g,52
1691,i,39
1691,r,60
1692,g,56
1692,i,25
1692,r,60
1693,g,54
1693,i,31
1693,r,58
1694,g,52
1694,i,30
1694,r,60
1695,g,48
1695,i,21
1695,r,59
1696,g,48
1696,i,21
1696,r,58
1697,g,51
1697,i,25
1697,r,54
1698,g,47
1698,i,23
1698,r,55
1699,g,38
1699,i,14
1699,r,54
1700,g,38
1700,i,11
1700,r,54
1701,g,32
1701,i,5
1701,r,53
1702,g,36
1702,i,5
1702,r,47
1703,g,35
1703,i,5
1703,r,40
1704,g,33
1704,i,6
1704,r,34
1705,g,31
1705,i,4
1705,r,34
1706,g,32
1706,i,3
1706,r,33
1707,g,33
1707,i,2
1707,r,35
1708,g,28
1708,i,2
1708,r,37
1709,g,27
1709,i,1
1709,r,39
1710,g,26
1710,i,4
1710,r,38
1711,g,29
1711,i,8
1711,r,39
1712,g,29
1712,i,11
1712,r,36
1713,g,26
1713,i,7
1713,r,30
1714,g,17
1714,i,5
1714,r,25
1715,g,15
1715,i,10
1715,r,31
1716,g,18
1716,i,14
1716,r,28
1717,g,17
1717,i,10
1717,r,27
1718,g,19
1718,i,11
1718,r,28
1719,g,12
1719,i,10
1719,r,33
1720,g,9
1720,i,14
1720,r,31
1721,g,9
1721,i,14
1721,r,34
1722,g,14
1722,i,11
1722,r,34
1723,g,24
1723,i,8
1723,r,35
1724,g,31
1724,i,9
1724,r,33
1725,g,30
1725,i,10
1725,r,35
1726,g,31
1726,i,13
1726,r,38
1727,g,31
1727,i,15
1727,r,39
1728,g,33
1728,i,16
1728,r,40
1729,g,32
1729,i,19
1729,r,47
1730,g,34
1730,i,18
1730,r,55
1731,g,37
1731,i,28
1731,r,55
1732,g,45
1732,i,17
1732,r,57
1733,g,53
1733,i,30
1733,r,58
1734,g,57
1734,i,38
1734,r,58
1735,g,54
1735,i,41
1735,r,61
1736,g,51
1736,i,34
1736,r,61
1737,g,54
1737,i,28
1737,r,60
1738,g,52
1738,i,26
1738,r,59
1739,g,50
1739,i,27
1739,r,56
1740,g,50
1740,i,20
1740,r,53
1741,g,37
1741,i,17
1741,r,53
1742,g,39
1742,i,10
1742,r,55
1743,g,39
1743,i,7
1743,r,59
1744,g,40
1744,i,7
1744,r,48
1745,g,36
1745,i,6
1745,r,48
1746,g,33
1746,i,3
1746,r,40
1747,g,35
1747,i,5
1747,r,35
1748,g,33
1748,i,1
1748,r,37
1749,g,33
1749,i,1
1749,r,36
1750,g,32
1750,i,1
1750,r,37
1751,g,32
1751,i,2
1751,r,37
1752,g,29
1752,i,5
1752,r,39
1753,g,32
1753,i,6
1753,r,37
1754,g,21
1754,i,10
1754,r,34
1755,g,19
1755,i,9
1755,r,34
1756,g,22
1756,i,8
1756,r,33
1757,g,15
1757,i,12
1757,r,25
1758,g,21
1758,i,9
1758,r,33
1759,g,11
1759,i,13
1759,r,34
1760,g,7
1760,i,13
1760,r,32
1761,g,13
1761,i,12
1761,r,34
1762,g,22
1762,i,10
1762,r,34
1763,g,28
1763,i,13
1763,r,39
1764,g,30
1764,i,12
1764,r,41
1765,g,28
1765,i,11
1765,r,43
1766,g,29
1766,i,12
1766,r,46
1767,g,31
1767,i,14
1767,r,49
1768,g,34
1768,i,18
1768,r,58
1769,g,42
1769,i,23
1769,r,55
1770,g,41
1770,i,31
1770,r,56
1771,g,39
1771,i,31
1771,r,57
1772,g,43
1772,i,36
1772,r,60
1773,g,56
1773,i,38
1773,r,61
1774,g,50
1774,i,41
1774,r,62
1775,g,52
1775,i,41
1775,r,63
1776,g,53
1776,i,41
1776,r,60
1777,g,53
1777,i,39
1777,r,57
1778,g,48
1778,i,25
1778,r,58
1779,g,48
1779,i,24
1779,r,54
1780,g,41
1780,i,16
1780,r,56
1781,g,37
1781,i,8
1781,r,57
1782,g,38
1782,i,12
1782,r,58
1783,g,37
1783,i,8
1783,r,54
1784,g,34
1784,i,8
1784,r,46
1785,g,33
1785,i,2
1785,r,37
1786,g,33
1786,i,4
1786,r,38
1787,g,34
1787,i,3
1787,r,38
1788,g,34
1788,i,1
1788,r,37
1789,g,32
1789,i,3
1789,r,38
1790,g,27
1790,i,9
1790,r,38
1791,g,30
1791,i,9
1791,r,37
1792,g,24
1792,i,6
1792,r,38
1793,g,18
1793,i,11
1793,r,34
1794,g,19
1794,i,11
1794,r,35
1795,g,20
1795,i,9
1795,r,32
1796,g,14
1796,i,8
1796,r,34
1797,g,5
1797,i,11
1797,r,35
1798,g,16
1798,i,8
1798,r,32
1799,g,18
1799,i,7
1799,r,37
1800,g,28
1800,i,9
1800,r,40
1801,g,30
1801,i,11
1801,r,41
1802,g,28
1802,i,10
1802,r,36
1803,g,27
1803,i,12
1803,r,51
1804,g,31
1804,i,16
1804,r,57
1805,g,36
1805,i,20
1805,r,57
1806,g,37
1806,i,22
1806,r,56
1807,g,45
1807,i,30
1807,r,59
1808,g,50
1808,i,34
1808,r,60
1809,g,41
1809,i,25
1809,r,54
1810,g,44
1810,i,38
1810,r,57
1811,g,42
1811,i,40
1811,r,55
1812,g,39
1812,i,25
1812,r,55
1813,g,44
1813,i,15
1813,r,55
1814,g,34
1814,i,13
1814,r,56
1815,g,35
1815,i,12
1815,r,56
1816,g,33
1816,i,7
1816,r,52
1817,g,35
1817,i,2
1817,r,43
1818,g,32
1818,i,3
1818,r,37
1819,g,32
1819,i,3
1819,r,37
1820,g,32
1820,i,1
1820,r,37
1821,g,26
1821,i,2
1821,r,36
1822,g,24
1822,i,6
1822,r,39
1823,g,24
1823,i,6
1823,r,36
1824,g,18
1824,i,7
1824,r,34
1825,g,15
1825,i,2
1825,r,33
1826,g,14
1826,i,4
1826,r,31
1827,g,14
1827,i,4
1827,r,34
1828,g,10
1828,i,1
1828,r,34
1829,g,9
1829,i,4
1829,r,33
1830,g,12
1830,i,4
1830,r,32
1831,g,19
1831,i,8
1831,r,31
1832,g,27
1832,i,10
1832,r,35
1833,g,24
1833,i,7
1833,r,41
1834,g,28
1834,i,10
1834,r,42
1835,g,30
1835,i,13
1835,r,55
1836,g,29
1836,i,18
1836,r,57
1837,g,31
1837,i,16
1837,r,56
1838,g,40
1838,i,24
1838,r,58
1839,g,31
1839,i,14
1839,r,51
1840,g,34
1840,i,19
1840,r,56
1841,g,33
1841,i,20
1841,r,54
1842,g,33
1842,i,15
1842,r,53
1843,g,34
1843,i,9
1843,r,49
1844,g,31
1844,i,5
1844,r,47
1845,g,32
1845,i,3
1845,r,36
1846,g,31
1846,i,4
1846,r,34
1847,g,34
1847,i,2
1847,r,34
1848,g,22
1848,i,2
1848,r,35
1849,g,17
1849,i,3
1849,r,34
1850,g,14
1850,i,2
1850,r,35
1851,g,11
1851,i,3
1851,r,36
1852,g,7
1852,i,2
1852,r,26
1853,g,7
1853,i,1
1853,r,29
1854,g,5
1854,i,1
1854,r,32
1855,g,6
1855,i,1
1855,r,32
1856,g,12
1856,i,1
1856,r,30
1857,g,20
1857,i,6
1857,r,27
1858,g,26
1858,i,9
1858,r,29
1859,g,27
1859,i,9
1859,r,32
1860,g,28
1860,i,9
1860,r,45
1861,g,28
1861,i,10
1861,r,52
1862,g,29
1862,i,14
1862,r,54
1863,g,29
1863,i,7
1863,r,38
1864,g,31
1864,i,9
1864,r,46
1865,g,30
1865,i,7
1865,r,42
1866,g,31
1866,i,3
1866,r,40
1867,g,30
1867,i,2
1867,r,33
1868,g,30
1868,i,3
1868,r,33
1869,g,28
1869,r,33
1870,g,14
1870,r,33
1871,g,7
1871,r,32
1872,g,6
1872,i,1
1872,r,22
1873,g,4
1873,r,21
1874,g,4
1874,r,22
1875,g,4
1875,r,29
1876,g,14
1876,i,2
1876,r,28
1877,g,26
1877,i,2
1877,r,28
1878,g,27
1878,i,6
1878,r,30
1879,g,28
1879,i,9
1879,r,32
1880,g,28
1880,i,8
1880,r,32
1881,g,25
1881,r,25
1882,g,25
1882,i,7
1882,r,25
1883,g,26
1883,i,5
1883,r,26
1884,g,25
1884,i,1
1884,r,26
1885,g,27
1885,r,26
1886,g,10
1886,r,28
1887,g,2
1887,r,14
1888,g,1
1888,r,10
1889,g,1
1889,r,12
1890,g,3
1890,r,26
1891,g,22
1891,i,1
1891,r,26
1892,g,27
1892,i,1
1892,r,25
1893,g,25
1893,i,1
1893,r,26
1896,g,26
1896,r,26
1897,g,1
1897,r,12
2545,i,1
2547,i,2
2548,i,2
2583,i,1
2584,i,1
2585,i,1
2586,i,1
2594,i,1
2597,i,2
2598,i,3
2599,i,1
2631,i,1
2632,i,1
2635,i,3
2640,i,1
2643,i,1
2644,i,1
2646,i,3
2678,i,1
2680,i,1
2681,i,2
2683,i,2
2684,i,1
2686,i,1
2728,i,2
2729,i,1
3541,i,1
3542,i,2
3543,i,3
3590,i,1
3591,i,1
3593,i,1
3594,i,2
3628,i,1
3629,i,1
3631,i,1
3637,i,1
3638,i,1
3640,i,1
3641,i,2
3643,i,2
3675,i,1
3676,i,1
3677,i,1
3678,i,2
3679,i,1
3680,i,3
3681,i,1
3684,i,1
3726,i,1
3727,i,1
3728,i,2
3760,i,1
3767,i,1
3768,i,1
